{"cameraMode":{"drawMode":0,"name":"Shaded","section":"Shading Mode"},"sceneLighting":false,"audioPlay":false,"sceneViewState":{"showFog":true,"showMaterialUpdate":false,"showSkybox":true,"showFlares":true,"showImageEffects":true,"showParticleSystems":true},"in2DMode":false,"pivot":{"x":7.027555465698242,"y":3.6869688034057619,"z":-2.5233802795410158},"rotation":{"x":-0.3880940079689026,"y":0.23214545845985413,"z":-0.10167700052261353,"w":-0.8860887885093689},"size":10.900565147399903,"orthographic":false}